id,client_name,reason,billing,model,customization,equipment_number,problem_type,photos,treatment,status,date_completed,image_paths
1,GFL,Manutenção,Sem custo,GS 410,Termo branco,109833482,Sem problemas identificados,,Sem problemas identificados,Aprovado pela diretoria,17/05/2024 09:20,"[""C:\\Sistema InteGS\\static\\uploads\\109833482.jpeg""]"
2,Mika Transportes,Devolução/Estoque,Sem custo,GS 410,Termo branco,109880939,Sem problemas identificados,,Sem problemas identificados,Aprovado,17/05/2024 11:19,"[""C:\\Sistema InteGS\\static\\uploads\\109880939.jpeg""]"
3,Mika Transportes,Devolução/Estoque,Sem custo,GS 410,Termo branco + imã,109880970,Sem problemas identificados,,Sem problemas identificados,Aprovado,17/05/2024 11:20,"[""C:\\Sistema InteGS\\static\\uploads\\109880970.jpeg""]"
4,Mika Transportes,Devolução/Estoque,Sem custo,GS 410,Termo branco + imã,109880970,Sem problemas identificados,,Sem problemas identificados,Aprovado,17/05/2024 11:20,"[""C:\\Sistema InteGS\\static\\uploads\\109880970.jpeg""]"
5,Mika Transportes,Devolução/Estoque,Sem custo,GS 410,Termo branco + imã,109881007,Sem problemas identificados,,Sem problemas identificados,Aprovado,17/05/2024 11:28,"[""C:\\Sistema InteGS\\static\\uploads\\109881007.jpeg""]"
6,Mika Transportes,Devolução/Estoque,Sem custo,GS 410,Termo branco + imã,109881247,Sem problemas identificados,,Sem problemas identificados,Aprovado,17/05/2024 11:29,"[""C:\\Sistema InteGS\\static\\uploads\\109881247.jpeg""]"
7,Mika Transportes,Devolução/Estoque,Sem custo,GS 410,Termo branco + imã,109883525,Sem problemas identificados,,Sem problemas identificados,Aprovado,17/05/2024 11:30,"[""C:\\Sistema InteGS\\static\\uploads\\109883525.jpeg""]"
8,Mika Transportes,Devolução/Estoque,Sem custo,GS 410,Termo branco + imã,109883540,Sem problemas identificados,,Sem problemas identificados,Aprovado,17/05/2024 11:31,"[""C:\\Sistema InteGS\\static\\uploads\\109883540.jpeg""]"
9,Mika Transportes,Devolução/Estoque,Sem custo,GS 410,Termo branco + imã,109881303,Sem problemas identificados,,Sem problemas identificados,Aprovado,17/05/2024 11:31,"[""C:\\Sistema InteGS\\static\\uploads\\109881303.jpeg""]"
10,Mika Transportes,Devolução/Estoque,Sem custo,GS 410,Termo branco + imã,109883712,Sem problemas identificados,,Sem problemas identificados,Aprovado,17/05/2024 11:45,"[""C:\\Sistema InteGS\\static\\uploads\\109883712.jpeg""]"
11,Mika Transportes,Devolução/Estoque,Sem custo,GS 410,Termo branco + imã,109880980,Sem problemas identificados,,Sem problemas identificados,Aprovado,17/05/2024 11:45,"[""C:\\Sistema InteGS\\static\\uploads\\109880980..jpeg"", ""C:\\Sistema InteGS\\static\\uploads\\109880980.jpeg"", ""C:\\Sistema InteGS\\static\\uploads\\1098809807..jpeg"", ""C:\\Sistema InteGS\\static\\uploads\\1098809807.jpeg""]"
12,Mika Transportes,Devolução/Estoque,Com custo,GL33,Termo branco,60377168,Sem problemas identificados,,Sem problemas identificados,Aprovado,17/05/2024 12:04,"[""C:\\Sistema InteGS\\static\\uploads\\60377168.jpeg""]"
13,Mika Transportes,Devolução/Estoque,Sem custo,GS 410,Termo branco + imã,109883716,Sem problemas identificados,,Sem problemas identificados,Aprovado,17/05/2024 12:05,"[""C:\\Sistema InteGS\\static\\uploads\\109883716.jpeg""]"
14,Mika Transportes,Devolução/Estoque,Sem custo,GS 410,Termo branco + imã,109883608,Sem problemas identificados,,Sem problemas identificados,Aprovado,17/05/2024 12:05,"[""C:\\Sistema InteGS\\static\\uploads\\109883608.jpeg""]"
15,Mika Transportes,Devolução/Estoque,Com custo,GS 410,Termo branco + imã,109880999,Sem problemas identificados,,Sem problemas identificados,Aprovado,17/05/2024 12:06,"[""C:\\Sistema InteGS\\static\\uploads\\109880999.jpeg""]"
16,Mika Transportes,Devolução/Estoque,Sem custo,GL33,Termo branco,60280941,Sem problemas identificados,,Sem problemas identificados,Aprovado,17/05/2024 12:06,"[""C:\\Sistema InteGS\\static\\uploads\\60280941.jpeg""]"
17,Mika Transportes,Devolução/Estoque,Sem custo,GS 410,Termo branco + imã,109881004,Sem problemas identificados,,Sem problemas identificados,Aprovado,17/05/2024 12:07,"[""C:\\Sistema InteGS\\static\\uploads\\109881004.jpeg""]"
18,Mika Transportes,Devolução/Estoque,Com custo,GS 410,Termo branco + imã,109880987,Placa danificada,,Placa danificada,Aprovado,17/05/2024 12:14,"[""C:\\Sistema InteGS\\static\\uploads\\109880987..jpeg"", ""C:\\Sistema InteGS\\static\\uploads\\109880987.jpeg""]"
19,Mika Transportes,Devolução/Estoque,Sem custo,GS 410,Termo branco + imã,109883713,Sem problemas identificados,,Sem problemas identificados,Aprovado,17/05/2024 12:15,"[""C:\\Sistema InteGS\\static\\uploads\\109883713.jpeg""]"
20,Mika Transportes,Devolução/Estoque,Sem custo,GS 410,Termo branco + imã,109882259,Sem problemas identificados,,Sem problemas identificados,Aprovado,17/05/2024 12:15,"[""C:\\Sistema InteGS\\static\\uploads\\109882259.jpeg""]"
21,Mika Transportes,Devolução/Estoque,Sem custo,GL33,Termo branco,60284125,Sem problemas identificados,,Sem problemas identificados,Aprovado,17/05/2024 12:17,"[""C:\\Sistema InteGS\\static\\uploads\\60284125.jpeg""]"
22,Mika Transportes,Devolução/Estoque,Sem custo,GS 410,Termo branco + imã,109883569,Sem problemas identificados,,Sem problemas identificados,Aprovado,17/05/2024 12:18,"[""C:\\Sistema InteGS\\static\\uploads\\109883569.jpeg""]"
23,Mika Transportes,Devolução/Estoque,Sem custo,GS 410,Termo branco + imã,109883131,Sem problemas identificados,,Sem problemas identificados,Aprovado,17/05/2024 12:19,"[""C:\\Sistema InteGS\\static\\uploads\\109883131.jpeg""]"
24,Inovate apoio logistica,Manutenção,Sem custo,GS 410,Termo branco,109812590,Sem problemas identificados,,Sem problemas identificados,Aprovado,17/05/2024 15:43,"[""C:\\Sistema InteGS\\static\\uploads\\109812590.jpeg""]"
25,Luxafit Transportes,Manutenção,Com custo,GS 410,Termo branco + imã,007660878,Placa danificada,,Placa danificada,Aprovado,20/05/2024 16:23,"[""C:\\Sistema InteGS\\static\\uploads\\7660878.jpeg""]"
26,Luxafit Transportes,Manutenção,Com custo,GS 410,Termo branco + imã,007692871,Placa danificada,,Placa danificada,Aprovado,20/05/2024 16:24,"[""C:\\Sistema InteGS\\static\\uploads\\7692871..jpeg"", ""C:\\Sistema InteGS\\static\\uploads\\7692871.jpeg""]"
27,Luxafit Transportes,Manutenção,Com custo,GS 410,Termo branco + imã,007693578,Placa danificada,,Placa danificada,Aprovado,20/05/2024 16:24,"[""C:\\Sistema InteGS\\static\\uploads\\7693578.jpeg""]"
28,Luxafit Transportes,Manutenção,Com custo,GS 410,Termo branco + imã,109816247,Botão de acionamento danificado,,Botão de acionamento danificado,Aprovado,20/05/2024 16:25,"[""C:\\Sistema InteGS\\static\\uploads\\109816247..jpeg"", ""C:\\Sistema InteGS\\static\\uploads\\109816247.jpeg""]"
29,Fw transportes,Manutenção,Com custo,GS 410,Termo branco + imã,109859266,Oxidação,,Oxidação,Aprovado,21/05/2024 08:43,"[""C:\\Sistema InteGS\\static\\uploads\\109859266..jpeg"", ""C:\\Sistema InteGS\\static\\uploads\\109859266.jpeg""]"
30,Bendini,Manutenção,Com custo,GS 410,Termo branco + imã,109763430,Placa danificada,,Placa danificada,Aprovado,21/05/2024 09:07,"[""C:\\Sistema InteGS\\static\\uploads\\109763430..jpeg"", ""C:\\Sistema InteGS\\static\\uploads\\109763430.jpeg""]"
31,Bendini,Manutenção,Com custo,GS 410,Termo branco + imã,109792448,Placa danificada,,Placa danificada,Aprovado,21/05/2024 09:08,"[""C:\\Sistema InteGS\\static\\uploads\\109792448.jpeg"", ""C:\\Sistema InteGS\\static\\uploads\\109792448..jpeg""]"
32,Bendini,Manutenção,Sem custo,GS 410,Termo branco + imã,109801204,Sem problemas identificados,,Sem problemas identificados,Aprovado pela diretoria,21/05/2024 09:09,"[""C:\\Sistema InteGS\\static\\uploads\\109801204.jpeg""]"
33,Bendini,Manutenção,Sem custo,GS 410,Termo branco + imã,109858821,Sem problemas identificados,,Sem problemas identificados,Aprovado,21/05/2024 09:09,"[""C:\\Sistema InteGS\\static\\uploads\\109858821.jpeg""]"
34,TRD,Manutenção,Com custo,GS 419,Termo branco,807135872,Placa danificada,,Placa danificada,Aprovado,21/05/2024 09:19,"[""C:\\Sistema InteGS\\static\\uploads\\807135872.jpeg"", ""C:\\Sistema InteGS\\static\\uploads\\807135872..jpeg"", ""C:\\Sistema InteGS\\static\\uploads\\807135872.jpeg""]"
35,Phoneix ,Devolução/Estoque,Com custo,GS 410,Termo branco,109766256,Placa danificada,,Placa danificada,Aprovado,21/05/2024 09:32,"[""C:\\Sistema InteGS\\static\\uploads\\109766256..jpeg"", ""C:\\Sistema InteGS\\static\\uploads\\109766256.jpeg""]"
36,Phoneix ,Devolução/Estoque,Com custo,GS 410,Termo branco,109766256,Placa danificada,,Placa danificada,Aprovado,21/05/2024 09:32,"[""C:\\Sistema InteGS\\static\\uploads\\109766256..jpeg"", ""C:\\Sistema InteGS\\static\\uploads\\109766256.jpeg""]"
37,Phoneix ,Manutenção,Sem custo,GS 410,Termo branco,109765747,Placa danificada,,Placa danificada,Aprovado,21/05/2024 09:35,"[""C:\\Sistema InteGS\\static\\uploads\\109765747.jpeg""]"
38,Unixlog,Manutenção,Com custo,GS 410,Termo branco,109847364,Placa danificada,,Placa danificada,Aprovado,21/05/2024 11:37,"[""C:\\Sistema InteGS\\static\\uploads\\109847364..jpeg"", ""C:\\Sistema InteGS\\static\\uploads\\109847364.jpeg""]"
39,Avalon cargo,Manutenção,Com custo,GS 419 (LoRa),Termo branco + imã,807136193,Antena LoRa danificada,,Antena LoRa danificada,Aprovado,23/05/2024 08:40,"[""C:\\Sistema InteGS\\static\\uploads\\807136193..jpeg"", ""C:\\Sistema InteGS\\static\\uploads\\807136193.jpeg""]"
40,Avalon cargo,Manutenção,Com custo,GS 419 (LoRa),Termo branco,807126287,Oxidação,,Oxidação,Aprovado,23/05/2024 08:41,"[""C:\\Sistema InteGS\\static\\uploads\\807126287.jpeg"", ""C:\\Sistema InteGS\\static\\uploads\\807126287..jpeg"", ""C:\\Sistema InteGS\\static\\uploads\\807126287.jpeg""]"
41,ABC - Cargas,Manutenção,Com custo,GS 410,Termo preto + imã,007682267,Placa danificada,,Placa danificada,Aprovado,24/05/2024 10:44,"[""C:\\Sistema InteGS\\static\\uploads\\007682267.jpg"", ""C:\\Sistema InteGS\\static\\uploads\\007682267..jpg""]"
42,ABC - Cargas,Manutenção,Com custo,GS 410,Termo preto + imã,109762775,Oxidação,,Oxidação,Aprovado,24/05/2024 10:45,"[""C:\\Sistema InteGS\\static\\uploads\\109762775.jpg"", ""C:\\Sistema InteGS\\static\\uploads\\109762775..jpg""]"
43,ABC - Cargas,Manutenção,Com custo,GS 410,Termo preto + imã,109765484,Oxidação,,Oxidação,Aprovado,24/05/2024 10:46,"[""C:\\Sistema InteGS\\static\\uploads\\109765484.jpg"", ""C:\\Sistema InteGS\\static\\uploads\\109765484..jpg""]"
44,ABC - Cargas,Manutenção,Com custo,GS 410,Termo preto + imã,109765808,Oxidação,,Oxidação,Aprovado,24/05/2024 10:46,"[""C:\\Sistema InteGS\\static\\uploads\\109765808.jpg"", ""C:\\Sistema InteGS\\static\\uploads\\109765808..jpg""]"
45,ABC - Cargas,Manutenção,Com custo,GS 410,Termo preto + imã,109765984,Placa danificada,,Placa danificada,Aprovado,24/05/2024 10:48,"[""C:\\Sistema InteGS\\static\\uploads\\109765984..jpg"", ""C:\\Sistema InteGS\\static\\uploads\\109765984.jpg""]"
46,ABC - Cargas,Manutenção,Com custo,GS 410,Termo preto + imã,109797631,Botão de acionamento danificado,,Botão de acionamento danificado,Aprovado,24/05/2024 10:49,"[""C:\\Sistema InteGS\\static\\uploads\\109797631.jpg"", ""C:\\Sistema InteGS\\static\\uploads\\109797631..jpg""]"
47,ABC - Cargas,Manutenção,Com custo,GS 410,Termo preto + imã,109800862,Oxidação,,Oxidação,Aprovado,24/05/2024 10:51,"[""C:\\Sistema InteGS\\static\\uploads\\109800862..jpg"", ""C:\\Sistema InteGS\\static\\uploads\\109800862.jpg""]"
48,ABC - Cargas,Manutenção,Com custo,GS 410,Termo preto + imã,109813762,Oxidação,,Oxidação,Aprovado,24/05/2024 10:54,"[""C:\\Sistema InteGS\\static\\uploads\\109813762..jpg"", ""C:\\Sistema InteGS\\static\\uploads\\109813762.jpg""]"
49,ABC - Cargas,Manutenção,Com custo,GS 410,Termo preto + imã,109823288,Placa danificada,,Placa danificada,Aprovado,24/05/2024 10:55,"[""C:\\Sistema InteGS\\static\\uploads\\109823288.jpg"", ""C:\\Sistema InteGS\\static\\uploads\\109823288..jpg""]"
50,ABC - Cargas,Manutenção,Com custo,GS 410,Termo preto + imã,109846155,Placa danificada,,Placa danificada,Aprovado,24/05/2024 10:56,"[""C:\\Sistema InteGS\\static\\uploads\\109846155.jpg"", ""C:\\Sistema InteGS\\static\\uploads\\109846155..jpg""]"
51,ABC - Cargas,Manutenção,Com custo,GS 410,Termo preto + imã,511395617,Antena LoRa danificada,,Antena LoRa danificada,Aprovado,24/05/2024 10:56,"[""C:\\Sistema InteGS\\static\\uploads\\511395617.jpg"", ""C:\\Sistema InteGS\\static\\uploads\\511395617..jpg""]"
52,ABC - Cargas,Manutenção,Com custo,GS 419 (LoRa),Termo preto + imã,511396057,Oxidação,,Oxidação,Aprovado,24/05/2024 10:57,"[""C:\\Sistema InteGS\\static\\uploads\\511396057.jpg""]"
53,ABC - Cargas,Manutenção,Com custo,GS 419 (LoRa),Termo preto + imã,511489912,Oxidação,,Oxidação,Aprovado,24/05/2024 11:00,"[""C:\\Sistema InteGS\\static\\uploads\\511489912.jpg"", ""C:\\Sistema InteGS\\static\\uploads\\511489912..jpg""]"
54,ABC - Cargas,Manutenção,Com custo,GS 419 (LoRa),Termo preto + imã,511542466,Placa danificada,,Placa danificada,Aprovado,24/05/2024 11:01,"[""C:\\Sistema InteGS\\static\\uploads\\511542466..jpg"", ""C:\\Sistema InteGS\\static\\uploads\\511542466.jpg""]"
55,ABC - Cargas,Manutenção,Com custo,GS 419 (LoRa),Termo preto + imã,511693560,Placa danificada,,Placa danificada,Aprovado,24/05/2024 11:04,"[""C:\\Sistema InteGS\\static\\uploads\\511693560..jpg"", ""C:\\Sistema InteGS\\static\\uploads\\511693560.jpg""]"
56,ABC - Cargas,Manutenção,Com custo,GS 419 (LoRa),Termo preto + imã,807136432,Placa danificada,,Placa danificada,Aprovado,24/05/2024 11:06,"[""C:\\Sistema InteGS\\static\\uploads\\807136432.jpg"", ""C:\\Sistema InteGS\\static\\uploads\\807136432..jpg""]"
57,Santos transportes,Manutenção,Com custo,GS 410,Termo preto + imã,109789103,Botão de acionamento danificado,,Botão de acionamento danificado,Aprovado,24/05/2024 14:06,"[""C:\\Sistema InteGS\\static\\uploads\\109789103..jpeg"", ""C:\\Sistema InteGS\\static\\uploads\\109789103.jpeg""]"
58,VS Transportes ,Manutenção,Com custo,GS 410,Termo preto + imã,109834087,Oxidação,,Oxidação,Aprovado,24/05/2024 14:12,"[""C:\\Sistema InteGS\\static\\uploads\\109834087..jpeg"", ""C:\\Sistema InteGS\\static\\uploads\\109834087.jpeg""]"
59,VS Transportes ,Manutenção,Com custo,GS 410,Termo branco + imã,109841266,Placa danificada,,Placa danificada,Aprovado,24/05/2024 14:38,"[""C:\\Sistema InteGS\\static\\uploads\\109841266.jpeg"", ""C:\\Sistema InteGS\\static\\uploads\\109841266..jpeg""]"
60,VS Transportes ,Manutenção,Com custo,GS 410,Termo branco + imã,109863797,Oxidação,,Oxidação,Aprovado,24/05/2024 14:38,"[""C:\\Sistema InteGS\\static\\uploads\\109863797..jpeg"", ""C:\\Sistema InteGS\\static\\uploads\\109863797.jpeg""]"
61,Prysmian - Poço de caldas,Manutenção,Com custo,GS 419 (LoRa),Termo branco,511560181,Antena LoRa danificada,,Antena LoRa danificada,Aprovado,24/05/2024 15:09,"[""C:\\Sistema InteGS\\static\\uploads\\511560181..jpeg"", ""C:\\Sistema InteGS\\static\\uploads\\511560181.jpeg""]"
62,Prysmian - Poço de caldas,Manutenção,Sem custo,GS 419 (LoRa),Termo branco,511594594,Sem problemas identificados,,Sem problemas identificados,Aprovado,24/05/2024 15:10,"[""C:\\Sistema InteGS\\static\\uploads\\511594594.jpeg""]"
63,Prysmian - Poço de caldas,Manutenção,Com custo,GS 419 (LoRa),Termo branco,511594970,Antena LoRa danificada,,Antena LoRa danificada,Aprovado,24/05/2024 15:11,"[""C:\\Sistema InteGS\\static\\uploads\\511594970..jpeg"", ""C:\\Sistema InteGS\\static\\uploads\\511594970.jpeg""]"
64,Andreani,Manutenção,Sem custo,GS 419 (LoRa),Termo branco,511192815,Placa danificada sem custo,,Placa danificada,Enviado à diretoria,27/05/2024 09:25,"[""C:\\Sistema InteGS\\static\\uploads\\51192815.jpeg""]"
65,Fw transportes,Manutenção,Com custo,GS 410,Termo branco + imã,109884036,USB danificado,,USB danificado,Aprovado,27/05/2024 16:16,"[""C:\\Sistema InteGS\\static\\uploads\\109884036.jpeg""]"
66,Apple,Devolução/Estoque,Com custo,GS 410,Termo Branco Slim + dupla face,109777576,Placa danificada sem custo,,Placa danificada,Aprovado,29/05/2024 09:06,"[""C:\\Sistema InteGS\\static\\uploads\\109777576.jpeg""]"
67,Apple,Manutenção,Com custo,GS 410,Termo Branco Slim + dupla face,109788935,Botão de acionamento danificado,,Botão de acionamento danificado,Editado,29/05/2024 09:07,"[""C:\\Sistema InteGS\\static\\uploads\\109788935..jpeg"", ""C:\\Sistema InteGS\\static\\uploads\\109788935.jpeg""]"
68,Alamo ,Manutenção,Com custo,GS 410,Termo branco + imã,007649972,Botão de acionamento danificado,,Botão de acionamento danificado,Aprovado,29/05/2024 09:23,"[""C:\\Sistema InteGS\\static\\uploads\\007649972..jpeg"", ""C:\\Sistema InteGS\\static\\uploads\\007649972.jpeg""]"
69,Marajá transportes,Devolução/Estoque,Com custo,GS 419 (LoRa),Termo branco,511851360,Antena LoRa danificada,,Antena LoRa danificada,Aprovado,29/05/2024 09:51,"[""C:\\Sistema InteGS\\static\\uploads\\511851360....jpeg"", ""C:\\Sistema InteGS\\static\\uploads\\511851360..jpeg"", ""C:\\Sistema InteGS\\static\\uploads\\511851360.jpeg""]"
70,Marajá transportes,Avaliação e estoque,Sem custo,GS 410,Termo branco,109782535,Sem problemas identificados,,Sem problemas identificados,Aprovado,29/05/2024 10:07,"[""C:\\Sistema InteGS\\static\\uploads\\109782535.jpeg""]"
71,Autoport,Devolução/Estoque,Sem custo,GS 419 (LoRa),Termo preto + imã,807270243,Oxidação,,Oxidação,Rejeitado,29/05/2024 15:50,"[""C:\\Sistema InteGS\\static\\uploads\\807270243...jpg"", ""C:\\Sistema InteGS\\static\\uploads\\807270243.jpeg""]"
72,Autoport,Devolução/Estoque,Sem custo,GS 419 (LoRa),Termo preto + imã,807270243,Oxidação,,Oxidação,Rejeitado,29/05/2024 15:51,"[""C:\\Sistema InteGS\\static\\uploads\\807270243...jpg"", ""C:\\Sistema InteGS\\static\\uploads\\807270243.jpeg""]"
73,Autoport,Devolução/Estoque,Com custo,GS 419 (LoRa),Termo preto + imã,807270833,Oxidação,,Oxidação,Rejeitado,29/05/2024 15:52,"[""C:\\Sistema InteGS\\static\\uploads\\807270833..jpg"", ""C:\\Sistema InteGS\\static\\uploads\\807270833.jpg""]"
74,Autoport,Devolução/Estoque,Com custo,GS 419 (LoRa),Termo preto + imã,807270870,Oxidação,,Oxidação,Rejeitado,29/05/2024 15:55,"[""C:\\Sistema InteGS\\static\\uploads\\807270870..jpg"", ""C:\\Sistema InteGS\\static\\uploads\\807270870.jpg""]"
75,Autoport,Devolução/Estoque,Com custo,GS 419 (LoRa),Termo preto + imã,807270957,Oxidação,,Oxidação,Rejeitado,29/05/2024 15:55,"[""C:\\Sistema InteGS\\static\\uploads\\807270957.jpg"", ""C:\\Sistema InteGS\\static\\uploads\\807270957..jpg""]"
76,Autoport,Devolução/Estoque,Sem custo,GS 419 (LoRa),Termo preto + imã,807271100,Oxidação,,Oxidação,Rejeitado,29/05/2024 15:57,"[""C:\\Sistema InteGS\\static\\uploads\\807271100.jpg"", ""C:\\Sistema InteGS\\static\\uploads\\807271100..jpg""]"
77,Autoport,Devolução/Estoque,Com custo,GS 419 (LoRa),Termo preto + imã,807283202,Oxidação,,Oxidação,Rejeitado,29/05/2024 15:58,"[""C:\\Sistema InteGS\\static\\uploads\\807283202..jpg"", ""C:\\Sistema InteGS\\static\\uploads\\807283202.jpg""]"
78,Autoport,Devolução/Estoque,Com custo,GS 419 (LoRa),Termo preto + imã,807283202,Oxidação,,Oxidação,Rejeitado,29/05/2024 15:58,"[""C:\\Sistema InteGS\\static\\uploads\\807283202..jpg"", ""C:\\Sistema InteGS\\static\\uploads\\807283202.jpg""]"
79,Autoport,Devolução/Estoque,Sem custo,GS 419 (LoRa),Termo preto + imã,807296784,Oxidação,,Oxidação,Rejeitado,29/05/2024 15:59,"[""C:\\Sistema InteGS\\static\\uploads\\807296784..jpg"", ""C:\\Sistema InteGS\\static\\uploads\\807296784.jpg""]"
80,Autoport,Devolução/Estoque,Sem custo,GS 419 (LoRa),Termo preto + imã,807297589,Oxidação,,Oxidação,Rejeitado,29/05/2024 16:05,"[""C:\\Sistema InteGS\\static\\uploads\\807297589..jpg"", ""C:\\Sistema InteGS\\static\\uploads\\807297589.jpg""]"
81,Autoport,Devolução/Estoque,Sem custo,GS 419 (LoRa),Termo preto + imã,807270179,Sem problemas identificados,,Sem problemas identificados,Aprovado,29/05/2024 16:18,"[""C:\\Sistema InteGS\\static\\uploads\\807270179.jpg""]"
82,Autoport,Devolução/Estoque,Sem custo,GS 419 (LoRa),Termo preto + imã,807270257,Sem problemas identificados,,Sem problemas identificados,Aprovado,29/05/2024 16:19,"[""C:\\Sistema InteGS\\static\\uploads\\807270257.jpg""]"
83,Metta Brasil,Manutenção,Com custo,GS 419 (LoRa),Termo branco,007798844,Antena LoRa danificada,,Antena LoRa danificada,Aprovado,03/06/2024 10:12,"[""C:\\Sistema InteGS\\static\\uploads\\007798844.jpeg""]"
84,Metta Brasil,Manutenção,Com custo,GS 419 (LoRa),Termo branco,007798860,Antena LoRa danificada,,Antena LoRa danificada,Aprovado,03/06/2024 10:13,"[""C:\\Sistema InteGS\\static\\uploads\\007798860..jpeg"", ""C:\\Sistema InteGS\\static\\uploads\\007798860.jpeg""]"
85,Metta Brasil,Manutenção,Com custo,GS 419 (LoRa),Termo branco,511192509,Antena LoRa danificada,,Antena LoRa danificada,Aprovado,03/06/2024 10:14,"[""C:\\Sistema InteGS\\static\\uploads\\511192509.jpeg""]"
86,Metta Brasil,Manutenção,Com custo,GS 410,Termo branco,109769052,Placa danificada,,Placa danificada,Aprovado,03/06/2024 10:18,"[""C:\\Sistema InteGS\\static\\uploads\\109769052..jpeg"", ""C:\\Sistema InteGS\\static\\uploads\\109769052.jpeg""]"
87,Metta Brasil,Manutenção,Sem custo,GS 410,Termo branco,109738756,Sem problemas identificados,,Sem problemas identificados,Aprovado,03/06/2024 10:22,"[""C:\\Sistema InteGS\\static\\uploads\\109738756.jpeg""]"
88,Estrela Transportes,Manutenção,Com custo,GS 410,Termo branco + imã,007675940,Oxidação,,Oxidação,Aprovado,03/06/2024 10:24,"[""C:\\Sistema InteGS\\static\\uploads\\007675940..jpeg"", ""C:\\Sistema InteGS\\static\\uploads\\007675940.png""]"
89,Nexus,Manutenção,Com custo,GS 410,Termo branco + imã,007613035,Placa danificada,,Placa danificada,Aprovado,03/06/2024 10:25,"[""C:\\Sistema InteGS\\static\\uploads\\007613035..jpeg"", ""C:\\Sistema InteGS\\static\\uploads\\007613035.jpeg""]"
90,Nexus,Manutenção,Com custo,GS 410,Termo branco + imã,007651220,Placa danificada,,Placa danificada,Aprovado,03/06/2024 10:26,"[""C:\\Sistema InteGS\\static\\uploads\\007651220..jpeg"", ""C:\\Sistema InteGS\\static\\uploads\\007651220.jpeg""]"
91,Rodoxico,Devolução/Estoque,Com custo,GS 410,Termo branco + imã,007613680,Oxidação,,Oxidação,Aprovado,03/06/2024 10:31,"[""C:\\Sistema InteGS\\static\\uploads\\007613680..jpeg"", ""C:\\Sistema InteGS\\static\\uploads\\007613680.jpeg""]"
92,Rodoxico,Devolução/Estoque,Sem custo,GS 419 (LoRa),Termo branco + imã,511560332,Sem problemas identificados,,Sem problemas identificados,Aprovado,03/06/2024 10:45,"[""C:\\Sistema InteGS\\static\\uploads\\511560332.jpeg""]"
93,Rodoxico,Devolução/Estoque,Sem custo,GS 419 (LoRa),Termo branco + imã,511560347,Sem problemas identificados,,Sem problemas identificados,Aprovado,03/06/2024 10:45,"[""C:\\Sistema InteGS\\static\\uploads\\511560347.jpeg""]"
94,Rodoxico,Devolução/Estoque,Sem custo,GS 419 (LoRa),Termo branco + imã,511560429,Sem problemas identificados,,Sem problemas identificados,Aprovado,03/06/2024 10:48,"[""C:\\Sistema InteGS\\static\\uploads\\511560429.jpeg""]"
95,Rodoxico,Devolução/Estoque,Com custo,GS 419 (LoRa),Termo branco + imã,511560764,Antena LoRa danificada,,Antena LoRa danificada,Aprovado,03/06/2024 10:48,"[""C:\\Sistema InteGS\\static\\uploads\\511560764.jpeg""]"
96,Rodoxico,Devolução/Estoque,Sem custo,GS 410,Termo branco,007631453,Sem problemas identificados,,Sem problemas identificados,Aprovado,03/06/2024 12:00,"[""C:\\Sistema InteGS\\static\\uploads\\007631453.jpeg""]"
97,Rodoxico,Manutenção,Sem custo,GS 410,Termo branco,007631486,Sem problemas identificados,,Sem problemas identificados,Aprovado,03/06/2024 12:01,"[""C:\\Sistema InteGS\\static\\uploads\\007631486.jpeg""]"
98,Rodoxico,Devolução/Estoque,Sem custo,GS 410,Termo branco,007631598,Sem problemas identificados,,Sem problemas identificados,Aprovado,03/06/2024 12:02,"[""C:\\Sistema InteGS\\static\\uploads\\007631598.png""]"
99,Rodoxico,Devolução/Estoque,Com custo,GS 410,Termo branco,007632807,Botão de acionamento danificado,,Botão de acionamento danificado,Aprovado,03/06/2024 12:02,"[""C:\\Sistema InteGS\\static\\uploads\\007632807..jpeg"", ""C:\\Sistema InteGS\\static\\uploads\\007632807.jpeg""]"
100,GFL - Jundiai ,Manutenção,Com custo,GS 410,Termo branco,511542105,Antena LoRa danificada,,Antena LoRa danificada,Aprovado,03/06/2024 15:47,"[""C:\\Sistema InteGS\\static\\uploads\\511542105.jpeg""]"
101,GFL - Jundiai ,Manutenção,Com custo,GS 410,Termo branco,109780777,Placa danificada,,Placa danificada,Aprovado,03/06/2024 15:48,"[""C:\\Sistema InteGS\\static\\uploads\\109780777.jpeg"", ""C:\\Sistema InteGS\\static\\uploads\\109780777.jpeg""]"
102,Edual ,Devolução/Estoque,Com custo,GS 410,Termo branco + imã,109851945,Oxidação,,Oxidação,Pendente,04/06/2024 08:17,"[""C:\\Sistema InteGS\\static\\uploads\\109851945..jpeg"", ""C:\\Sistema InteGS\\static\\uploads\\109851945.png""]"
103,Jad Log,Manutenção,Com custo,GS 410,Termo branco,109873838,Botão de acionamento danificado,,Botão de acionamento danificado,Pendente,04/06/2024 10:13,"[""C:\\Sistema InteGS\\static\\uploads\\109873838..jpg"", ""C:\\Sistema InteGS\\static\\uploads\\109873838.jpg""]"
104,Jad Log,Manutenção,Sem custo,GS 410,Termo branco,109796340,Sem problemas identificados,,Sem problemas identificados,Pendente,04/06/2024 10:14,"[""C:\\Sistema InteGS\\static\\uploads\\109796340.jpg""]"
105,Jad Log,Manutenção,Com custo,GS 410,Termo branco,109822950,Placa danificada,,Placa danificada,Pendente,04/06/2024 10:15,"[""C:\\Sistema InteGS\\static\\uploads\\109822950.jpg""]"
106,Jad Log,Manutenção,Com custo,GS 410,Termo branco,109822950,Placa danificada,,Placa danificada,Pendente,04/06/2024 10:15,"[""C:\\Sistema InteGS\\static\\uploads\\109822950.jpg""]"
107,Jad Log,Manutenção,Com custo,GS 410,Termo branco,109829683,Placa danificada,,Placa danificada,Pendente,04/06/2024 10:15,"[""C:\\Sistema InteGS\\static\\uploads\\109829683..jpg"", ""C:\\Sistema InteGS\\static\\uploads\\109829683.jpg""]"
108,Jad Log,Manutenção,Com custo,GS 410,Termo branco,109834517,Placa danificada,,Placa danificada,Pendente,04/06/2024 10:17,"[""C:\\Sistema InteGS\\static\\uploads\\109834517.jpg""]"
109,Jad Log,Manutenção,Com custo,GS 410,Termo branco,109873405,Botão de acionamento danificado,,Botão de acionamento danificado,Pendente,04/06/2024 10:17,"[""C:\\Sistema InteGS\\static\\uploads\\109873405.jpg""]"
110,Jad Log,Manutenção,Com custo,GS 410,Termo branco,109873813,Placa danificada,,Placa danificada,Pendente,04/06/2024 10:18,"[""C:\\Sistema InteGS\\static\\uploads\\109873813..jpg"", ""C:\\Sistema InteGS\\static\\uploads\\109873813.jpg""]"
111,Jad Log,Manutenção,Com custo,GS 419 (LoRa),Termo branco,511592273,Antena LoRa danificada,,Antena LoRa danificada,Pendente,04/06/2024 10:19,"[""C:\\Sistema InteGS\\static\\uploads\\511592273.jpg""]"
112,Jad Log,Manutenção,Com custo,GS 419 (LoRa),Termo branco,511625837,Antena LoRa danificada,,Antena LoRa danificada,Pendente,04/06/2024 10:19,"[""C:\\Sistema InteGS\\static\\uploads\\511625837.jpg""]"
113,Jad Log,Manutenção,Sem custo,GS 419 (LoRa),Termo branco,511625919,Sem problemas identificados,,Sem problemas identificados,Pendente,04/06/2024 10:24,"[""C:\\Sistema InteGS\\static\\uploads\\511625919.jpg""]"
114,Jad Log,Manutenção,Sem custo,GS 419 (LoRa),Termo branco,511626194,Sem problemas identificados,,Sem problemas identificados,Pendente,04/06/2024 10:25,"[""C:\\Sistema InteGS\\static\\uploads\\511626194.jpg""]"
115,Jad Log,Manutenção,Com custo,GS 419 (LoRa),Termo branco,511693221,Antena LoRa danificada,,Antena LoRa danificada,Pendente,04/06/2024 10:26,"[""C:\\Sistema InteGS\\static\\uploads\\511693221.jpg""]"
116,Jad Log,Manutenção,Com custo,GS 419 (LoRa),Termo branco,511693226,Botão de acionamento danificado,,Botão de acionamento danificado,Pendente,04/06/2024 10:27,"[""C:\\Sistema InteGS\\static\\uploads\\511693226.jpg"", ""C:\\Sistema InteGS\\static\\uploads\\511693226..jpg""]"
